Sales Domain.[Sold To],Sales Domain.[Sold To Image],Sales Domain.[Sold To Status],Sales Domain.[Sold To$DisplayName],Sales Domain.[Sold To$InActive],Sales Domain.[Sold To$Partition],Sales Domain.[Zip Code],Sales Domain.[Zip Code$DisplayName],Sales Domain.[Zip Code$InActive],Sales Domain.[Zip Code$Partition],Sales Domain.[Region],Sales Domain.[Region Image],Sales Domain.[Region$DisplayName],Sales Domain.[Region$InActive],Sales Domain.[Region$Partition],Sales Domain.[All Sales Domain],Sales Domain.[All Sales Domain Image],Sales Domain.[All Sales Domain$DisplayName],Sales Domain.[All Sales Domain$InActive],Sales Domain.[All Sales Domain$Partition],Sales Domain.[Division],Sales Domain.[Division Image],Sales Domain.[Division$DisplayName],Sales Domain.[Division$InActive],Sales Domain.[Division$Partition],Sales Domain.[Stat Customer Group],Sales Domain.[Stat Customer Group$DisplayName],Sales Domain.[Stat Customer Group$InActive],Sales Domain.[Stat Customer Group$Partition],Sales Domain.[Geo],Sales Domain.[Geo Image],Sales Domain.[Geo$DisplayName],Sales Domain.[Geo$InActive],Sales Domain.[Geo$Partition],Sales Domain.[City],Sales Domain.[City$DisplayName],Sales Domain.[City$InActive],Sales Domain.[City$Partition],Sales Domain.[Accounting Group],Sales Domain.[Accounting Group Image],Sales Domain.[Accounting Group$DisplayName],Sales Domain.[Accounting Group$InActive],Sales Domain.[Accounting Group$Partition],Sales Domain.[Ship To],Sales Domain.[Ship To$DisplayName],Sales Domain.[Ship To$InActive],Sales Domain.[Ship To$Partition],Sales Domain.[Latitude],Sales Domain.[Longitude],Sales Domain.[Ship To Status],Sales Domain.[Store Address],Sales Domain.[Store Open Date],Sales Domain.[Store Status],Sales Domain.[Street],Sales Domain.[Zone],Sales Domain.[Zone$DisplayName],Sales Domain.[Zone$InActive],Sales Domain.[Zone$Partition],Sales Domain.[Channel],Sales Domain.[Channel Image],Sales Domain.[Channel$DisplayName],Sales Domain.[Channel$InActive],Sales Domain.[Channel$Partition],Sales Domain.[Customer Group],Sales Domain.[Customer Group Image],Sales Domain.[Customer Group$DisplayName],Sales Domain.[Customer Group$InActive],Sales Domain.[Customer Group$Partition],Sales Domain.[Customer Class],Sales Domain.[Customer Class$DisplayName],Sales Domain.[Customer Class$InActive],Sales Domain.[Customer Class$Partition],Sales Domain.[State],Sales Domain.[State Image],Sales Domain.[State Code],Sales Domain.[State$DisplayName],Sales Domain.[State$InActive],Sales Domain.[State$Partition],Sales Domain.[Ship To Class],Sales Domain.[Ship To Class$DisplayName],Sales Domain.[Ship To Class$InActive],Sales Domain.[Ship To Class$Partition],Sales Domain.[Channel Group],Sales Domain.[Channel Group Image],Sales Domain.[Channel Group$DisplayName],Sales Domain.[Channel Group$InActive],Sales Domain.[Channel Group$Partition],Sales Domain.[Country],Sales Domain.[Country Image],Sales Domain.[Country$DisplayName],Sales Domain.[Country$InActive],Sales Domain.[Country$Partition]
10140,,,10140,,,32819,32819,,,22,"https://lumiere-a.akamaihd.net/v1/images/cg_parks_wdw_50thcelebration_specialoffers_21943_25454ec0.jpeg?region=0,0,800,800.jpg",22,,,All,,All,,,22,https://d1jup4wycac0oo.cloudfront.net/havidppoc/Screenshot_22 - Copy.jpg,22,,,250,250,,,North America,,North America,,,Orlando,Orlando,,,MCDUS-SACO-0036,,MCDUS-SACO-0036,,,10140,10140,,,28.46932725,-81.45101885,,,17-Apr-1987,OPENED,Altamira Drive,zz_NONE,zz_NONE,,,15,,15,,,10140,,10140,,,,,,,Florida,,FL,Florida,,,zz_None,zz_None,,,15,,15,,,USA,,USA,,
11266,,,11266,,,32730,32730,,,22,"https://lumiere-a.akamaihd.net/v1/images/cg_parks_wdw_50thcelebration_specialoffers_21943_25454ec0.jpeg?region=0,0,800,800.jpg",22,,,All,,All,,,22,https://d1jup4wycac0oo.cloudfront.net/havidppoc/Screenshot_22 - Copy.jpg,22,,,250,250,,,North America,,North America,,,Casselberry,Casselberry,,,MCDUS-SACO-0036,,MCDUS-SACO-0036,,,11266,11266,,,28.663726,-81.345302,,,15-Dec-1989,OPENED,E Altamonte Dr,zz_NONE,zz_NONE,,,15,,15,,,11266,,11266,,,,,,,Florida,,FL,Florida,,,zz_None,zz_None,,,15,,15,,,USA,,USA,,
11945,,,11945,,,84713,84713,,,64,https://www.planetware.com/photos-large/USUT/utah-arches-national-park.jpg,64,,,All,,All,,,64,https://d1jup4wycac0oo.cloudfront.net/havidppoc/Screenshot_64.png,64,,,210,210,,,North America,,North America,,,Beaver,Beaver,,,MCDUS-SACO-0084,,MCDUS-SACO-0084,,,11945,11945,,,38.2927731,-112.648065,,,17-Oct-1991,OPENED,North 400 West Street,zz_NONE,zz_NONE,,,14,,14,,,11945,,11945,,,,,,,Utah,,UT,Utah,,,zz_None,zz_None,,,14,,14,,,USA,,USA,,
12357,,,12357,,,32256,32256,,,22,"https://lumiere-a.akamaihd.net/v1/images/cg_parks_wdw_50thcelebration_specialoffers_21943_25454ec0.jpeg?region=0,0,800,800.jpg",22,,,All,,All,,,22,https://d1jup4wycac0oo.cloudfront.net/havidppoc/Screenshot_22 - Copy.jpg,22,,,236,236,,,North America,,North America,,,Jacksonville,Jacksonville,,,MCDUS-SACO-0029,,MCDUS-SACO-0029,,,12357,12357,,,30.220356,-81.579735,,,13-Feb-1993,OPENED,Baymeadows Rd,zz_NONE,zz_NONE,,,15,,15,,,12357,,12357,,,,,,,Florida,,FL,Florida,,,zz_None,zz_None,,,15,,15,,,USA,,USA,,
12449,,,12449,,,11372,11372,,,30,https://www.planetware.com/photos-large/USNY/new-york-city-statue-of-liberty.jpg,30,,,All,,All,,,30,https://d1jup4wycac0oo.cloudfront.net/havidppoc/Screenshot_30.png,30,,,246,246,,,North America,,North America,,,New York,New York,,,MCDUS-SACO-0009,,MCDUS-SACO-0009,,,12449,12449,,,40.7480723,-73.8837136,,,30-Sep-1994,OPENED,82nd Street,zz_NONE,zz_NONE,,,42,,42,,,12449,,12449,,,,,,,New York,,NY,New York,,,zz_None,zz_None,,,42,,42,,,USA,,USA,,
12870,,,12870,,,32653,32653,,,22,"https://lumiere-a.akamaihd.net/v1/images/cg_parks_wdw_50thcelebration_specialoffers_21943_25454ec0.jpeg?region=0,0,800,800.jpg",22,,,All,,All,,,22,https://d1jup4wycac0oo.cloudfront.net/havidppoc/Screenshot_22 - Copy.jpg,22,,,236,236,,,North America,,North America,,,City of Gainesville Municipal Boundaries,City of Gainesville Municipal Boundaries,,,MCDUS-SACO-0029,,MCDUS-SACO-0029,,,12870,12870,,,29.70113595,-82.38964349,,,13-Jun-1994,OPENED,Northwest 43rd Street,zz_NONE,zz_NONE,,,15,,15,,,12870,,12870,,,,,,,Florida,,FL,Florida,,,zz_None,zz_None,,,15,,15,,,USA,,USA,,
13065,,,13065,,,11949,11949,,,30,https://www.planetware.com/photos-large/USNY/new-york-city-statue-of-liberty.jpg,30,,,All,,All,,,30,https://d1jup4wycac0oo.cloudfront.net/havidppoc/Screenshot_30.png,30,,,246,246,,,North America,,North America,,,Manorville,Manorville,,,MCDUS-SACO-0009,,MCDUS-SACO-0009,,,13065,13065,,,40.86883675,-72.79454381,,,26-Oct-1994,OPENED,Captain Daniel Roe Highway,zz_NONE,zz_NONE,,,42,,42,,,13065,,13065,,,,,,,New York,,NY,New York,,,zz_None,zz_None,,,42,,42,,,USA,,USA,,
13085,,,13085,,,7054,7054,,,30,https://www.planetware.com/photos-large/USNY/new-york-city-statue-of-liberty.jpg,30,,,All,,All,,,30,https://d1jup4wycac0oo.cloudfront.net/havidppoc/Screenshot_30.png,30,,,246,246,,,North America,,North America,,,Parsippany-Troy Hills,Parsippany-Troy Hills,,,MCDUS-SACO-0009,,MCDUS-SACO-0009,,,13085,13085,,,40.87104305,-74.42334269,,,23-Dec-1995,OPENED,US 46,zz_NONE,zz_NONE,,,42,,42,,,13085,,13085,,,,,,,New Jersey,,NJ,New Jersey,,,zz_None,zz_None,,,42,,42,,,USA,,USA,,
13838,,,13838,,,60606,60606,,,24,https://api.time.com/wp-content/uploads/2014/09/148616068.jpg?w=800&quality=85.jpg,24,,,All,,All,,,24,https://d1jup4wycac0oo.cloudfront.net/havidppoc/Screenshot_24.png,24,,,229,229,,,North America,,North America,,,Chicago,Chicago,,,MCDUS-SACO-0007,,MCDUS-SACO-0007,,,13838,13838,,,41.8787921,-87.63899988,,,31-Dec-1993,OPENED,South Riverside Plaza,zz_NONE,zz_NONE,,,99,,99,,,13838,,13838,,,,,,,Illinois,,IL,Illinois,,,zz_None,zz_None,,,99,,99,,,USA,,USA,,
14202,,,14202,,,84319,84319,,,64,https://www.planetware.com/photos-large/USUT/utah-arches-national-park.jpg,64,,,All,,All,,,64,https://d1jup4wycac0oo.cloudfront.net/havidppoc/Screenshot_64.png,64,,,210,210,,,North America,,North America,,,Hyrum,Hyrum,,,MCDUS-SACO-0084,,MCDUS-SACO-0084,,,14202,14202,,,41.63322305,-111.8321282,,,29-Jun-1995,OPENED,South 800 East,zz_NONE,zz_NONE,,,14,,14,,,14202,,14202,,,,,,,Utah,,UT,Utah,,,zz_None,zz_None,,,14,,14,,,USA,,USA,,
14403,,,14403,,,60008,60008,,,24,https://api.time.com/wp-content/uploads/2014/09/148616068.jpg?w=800&quality=85.jpg,24,,,All,,All,,,24,https://d1jup4wycac0oo.cloudfront.net/havidppoc/Screenshot_24.png,24,,,229,229,,,North America,,North America,,,Rolling Meadows,Rolling Meadows,,,MCDUS-SACO-0007,,MCDUS-SACO-0007,,,14403,14403,,,42.078604,-88.019276,,,29-Dec-1994,OPENED,Kirchoff Road,zz_NONE,zz_NONE,,,99,,99,,,14403,,14403,,,,,,,Illinois,,IL,Illinois,,,zz_None,zz_None,,,99,,99,,,USA,,USA,,
1443,,,1443,,,7052,7052,,,30,https://www.planetware.com/photos-large/USNY/new-york-city-statue-of-liberty.jpg,30,,,All,,All,,,30,https://d1jup4wycac0oo.cloudfront.net/havidppoc/Screenshot_30.png,30,,,246,246,,,North America,,North America,,,West Orange,West Orange,,,MCDUS-SACO-0009,,MCDUS-SACO-0009,,,1443,1443,,,40.770107,-74.281686,,,23-Nov-1971,OPENED,Northfield Avenue,zz_NONE,zz_NONE,,,42,,42,,,1443,,1443,,,,,,,New Jersey,,NJ,New Jersey,,,zz_None,zz_None,,,42,,42,,,USA,,USA,,
17890,,,17890,,,32210,32210,,,22,"https://lumiere-a.akamaihd.net/v1/images/cg_parks_wdw_50thcelebration_specialoffers_21943_25454ec0.jpeg?region=0,0,800,800.jpg",22,,,All,,All,,,22,https://d1jup4wycac0oo.cloudfront.net/havidppoc/Screenshot_22 - Copy.jpg,22,,,236,236,,,North America,,North America,,,Jacksonville,Jacksonville,,,MCDUS-SACO-0029,,MCDUS-SACO-0029,,,17890,17890,,,30.270896,-81.736351,,,07-Apr-1999,OPENED,Blanding Blvd,zz_NONE,zz_NONE,,,15,,15,,,17890,,17890,,,,,,,Florida,,FL,Florida,,,zz_None,zz_None,,,15,,15,,,USA,,USA,,
17997,,,17997,,,32926,32926,,,22,"https://lumiere-a.akamaihd.net/v1/images/cg_parks_wdw_50thcelebration_specialoffers_21943_25454ec0.jpeg?region=0,0,800,800.jpg",22,,,All,,All,,,22,https://d1jup4wycac0oo.cloudfront.net/havidppoc/Screenshot_22 - Copy.jpg,22,,,250,250,,,North America,,North America,,,Cocoa,Cocoa,,,MCDUS-SACO-0036,,MCDUS-SACO-0036,,,17997,17997,,,28.39765355,-80.76453325,,,14-Dec-1995,OPENED,FL 524,zz_NONE,zz_NONE,,,15,,15,,,17997,,17997,,,,,,,Florida,,FL,Florida,,,zz_None,zz_None,,,15,,15,,,USA,,USA,,
20199,,,20199,,,11214,11214,,,30,https://www.planetware.com/photos-large/USNY/new-york-city-statue-of-liberty.jpg,30,,,All,,All,,,30,https://d1jup4wycac0oo.cloudfront.net/havidppoc/Screenshot_30.png,30,,,246,246,,,North America,,North America,,,New York,New York,,,MCDUS-SACO-0009,,MCDUS-SACO-0009,,,20199,20199,,,40.60492835,-73.9982057,,,30-Jun-1996,OPENED,20th Avenue,zz_NONE,zz_NONE,,,42,,42,,,20199,,20199,,,,,,,New York,,NY,New York,,,zz_None,zz_None,,,42,,42,,,USA,,USA,,
20200,,,20200,,,11209,11209,,,30,https://www.planetware.com/photos-large/USNY/new-york-city-statue-of-liberty.jpg,30,,,All,,All,,,30,https://d1jup4wycac0oo.cloudfront.net/havidppoc/Screenshot_30.png,30,,,246,246,,,North America,,North America,,,New York,New York,,,MCDUS-SACO-0009,,MCDUS-SACO-0009,,,20200,20200,,,40.633655,-74.027066,,,03-Jun-1997,OPENED,72nd Street,zz_NONE,zz_NONE,,,42,,42,,,20200,,20200,,,,,,,New York,,NY,New York,,,zz_None,zz_None,,,42,,42,,,USA,,USA,,
20313,,,20313,,,60467,60467,,,24,https://api.time.com/wp-content/uploads/2014/09/148616068.jpg?w=800&quality=85.jpg,24,,,All,,All,,,24,https://d1jup4wycac0oo.cloudfront.net/havidppoc/Screenshot_24.png,24,,,229,229,,,North America,,North America,,,Orland Park,Orland Park,,,MCDUS-SACO-0007,,MCDUS-SACO-0007,,,20313,20313,,,41.60009285,-87.89303861,,,31-Dec-1996,OPENED,West 159th Street,zz_NONE,zz_NONE,,,99,,99,,,20313,,20313,,,,,,,Illinois,,IL,Illinois,,,zz_None,zz_None,,,99,,99,,,USA,,USA,,
20695,,,20695,,,84042,84042,,,64,https://www.planetware.com/photos-large/USUT/utah-arches-national-park.jpg,64,,,All,,All,,,64,https://d1jup4wycac0oo.cloudfront.net/havidppoc/Screenshot_64.png,64,,,210,210,,,North America,,North America,,,Pleasant Grove,Pleasant Grove,,,MCDUS-SACO-0084,,MCDUS-SACO-0084,,,20695,20695,,,40.3548874,-111.7361532,,,18-Jun-1999,OPENED,East 700 South,zz_NONE,zz_NONE,,,14,,14,,,20695,,20695,,,,,,,Utah,,UT,Utah,,,zz_None,zz_None,,,14,,14,,,USA,,USA,,
22179,,,22179,,,84129,84129,,,64,https://www.planetware.com/photos-large/USUT/utah-arches-national-park.jpg,64,,,All,,All,,,64,https://d1jup4wycac0oo.cloudfront.net/havidppoc/Screenshot_64.png,64,,,210,210,,,North America,,North America,,,Cottonwood Heights,Cottonwood Heights,,,MCDUS-SACO-0084,,MCDUS-SACO-0084,,,22179,22179,,,40.6234883,-111.8347905,,,06-Oct-1997,OPENED,Highland Drive,zz_NONE,zz_NONE,,,14,,14,,,22179,,22179,,,,,,,Utah,,UT,Utah,,,zz_None,zz_None,,,14,,14,,,USA,,USA,,
22889,,,22889,,,60110,60110,,,24,https://api.time.com/wp-content/uploads/2014/09/148616068.jpg?w=800&quality=85.jpg,24,,,All,,All,,,24,https://d1jup4wycac0oo.cloudfront.net/havidppoc/Screenshot_24.png,24,,,229,229,,,North America,,North America,,,Carpentersville,Carpentersville,,,MCDUS-SACO-0007,,MCDUS-SACO-0007,,,22889,22889,,,42.12351325,-88.33623575,,,12-Feb-2002,OPENED,Randall Road,zz_NONE,zz_NONE,,,99,,99,,,22889,,22889,,,,,,,Illinois,,IL,Illinois,,,zz_None,zz_None,,,99,,99,,,USA,,USA,,
23475,,,23475,,,60423,60423,,,24,https://api.time.com/wp-content/uploads/2014/09/148616068.jpg?w=800&quality=85.jpg,24,,,All,,All,,,24,https://d1jup4wycac0oo.cloudfront.net/havidppoc/Screenshot_24.png,24,,,229,229,,,North America,,North America,,,Frankfort,Frankfort,,,MCDUS-SACO-0007,,MCDUS-SACO-0007,,,23475,23475,,,41.50560995,-87.79180248,,,29-Dec-2001,OPENED,West Lincoln Highway,zz_NONE,zz_NONE,,,99,,99,,,23475,,23475,,,,,,,Illinois,,IL,Illinois,,,zz_None,zz_None,,,99,,99,,,USA,,USA,,
23894,,,23894,,,84065,84065,,,64,https://www.planetware.com/photos-large/USUT/utah-arches-national-park.jpg,64,,,All,,All,,,64,https://d1jup4wycac0oo.cloudfront.net/havidppoc/Screenshot_64.png,64,,,210,210,,,North America,,North America,,,Riverton,Riverton,,,MCDUS-SACO-0084,,MCDUS-SACO-0084,,,23894,23894,,,40.52279235,-111.9448274,,,19-Oct-2000,OPENED,12600 South,zz_NONE,zz_NONE,,,14,,14,,,23894,,23894,,,,,,,Utah,,UT,Utah,,,zz_None,zz_None,,,14,,14,,,USA,,USA,,
24037,,,24037,,,84737,84737,,,64,https://www.planetware.com/photos-large/USUT/utah-arches-national-park.jpg,64,,,All,,All,,,64,https://d1jup4wycac0oo.cloudfront.net/havidppoc/Screenshot_64.png,64,,,210,210,,,North America,,North America,,,Hurricane,Hurricane,,,MCDUS-SACO-0084,,MCDUS-SACO-0084,,,24037,24037,,,37.176929,-113.310555,,,10-Aug-1999,OPENED,W State St,zz_NONE,zz_NONE,,,14,,14,,,24037,,24037,,,,,,,Utah,,UT,Utah,,,zz_None,zz_None,,,14,,14,,,USA,,USA,,
2498,,,2498,,,11232,11232,,,30,https://www.planetware.com/photos-large/USNY/new-york-city-statue-of-liberty.jpg,30,,,All,,All,,,30,https://d1jup4wycac0oo.cloudfront.net/havidppoc/Screenshot_30.png,30,,,246,246,,,North America,,North America,,,New York,New York,,,MCDUS-SACO-0009,,MCDUS-SACO-0009,,,2498,2498,,,40.6537481,-74.0054161,,,05-Sep-1973,OPENED,4th Avenue,zz_NONE,zz_NONE,,,42,,42,,,2498,,2498,,,,,,,New York,,NY,New York,,,zz_None,zz_None,,,42,,42,,,USA,,USA,,
26777,,,26777,,,60666,60666,,,24,https://api.time.com/wp-content/uploads/2014/09/148616068.jpg?w=800&quality=85.jpg,24,,,All,,All,,,24,https://d1jup4wycac0oo.cloudfront.net/havidppoc/Screenshot_24.png,24,,,229,229,,,North America,,North America,,,Chicago,Chicago,,,MCDUS-SACO-0007,,MCDUS-SACO-0007,,,26777,26777,,,41.97506545,-87.90003767,,,16-May-2001,OPENED,O'Hare Commercial Arrivals,zz_NONE,zz_NONE,,,99,,99,,,26777,,26777,,,,,,,Illinois,,IL,Illinois,,,zz_None,zz_None,,,99,,99,,,USA,,USA,,
27008,,,27008,,,11217,11217,,,30,https://www.planetware.com/photos-large/USNY/new-york-city-statue-of-liberty.jpg,30,,,All,,All,,,30,https://d1jup4wycac0oo.cloudfront.net/havidppoc/Screenshot_30.png,30,,,246,246,,,North America,,North America,,,New York,New York,,,MCDUS-SACO-0009,,MCDUS-SACO-0009,,,27008,27008,,,40.6846278,-73.97690927,,,24-Jul-2004,OPENED,Flatbush Avenue,zz_NONE,zz_NONE,,,42,,42,,,27008,,27008,,,,,,,New York,,NY,New York,,,zz_None,zz_None,,,42,,42,,,USA,,USA,,
27503,,,27503,,,32827,32827,,,22,"https://lumiere-a.akamaihd.net/v1/images/cg_parks_wdw_50thcelebration_specialoffers_21943_25454ec0.jpeg?region=0,0,800,800.jpg",22,,,All,,All,,,22,https://d1jup4wycac0oo.cloudfront.net/havidppoc/Screenshot_22 - Copy.jpg,22,,,250,250,,,North America,,North America,,,Orlando,Orlando,,,MCDUS-SACO-0036,,MCDUS-SACO-0036,,,27503,27503,,,28.43112225,-81.30780563,,,06-Nov-2003,OPENED,Casa Verde Road,zz_NONE,zz_NONE,,,15,,15,,,27503,,27503,,,,,,,Florida,,FL,Florida,,,zz_None,zz_None,,,15,,15,,,USA,,USA,,
28072,,,28072,,,37064,37064,,,66,https://www.planetware.com/photos-large/USTN/us-tennessee-titanic-museum.jpg,66,,,All,,All,,,66,https://d1jup4wycac0oo.cloudfront.net/havidppoc/Screenshot_66_adobespark.png,66,,,234,234,,,North America,,North America,,,Franklin,Franklin,,,MCDUS-SACO-TEMP,,MCDUS-SACO-TEMP,,,28072,28072,,,35.861077,-86.840375,,,25-Jun-2020,OPENED,Village Plains Blvd,zz_NONE,zz_NONE,,,60,,60,,,28072,,28072,,,,,,,Tennessee,,TN,Tennessee,,,zz_None,zz_None,,,60,,60,,,USA,,USA,,
31591,,,31591,,,60654,60654,,,24,https://api.time.com/wp-content/uploads/2014/09/148616068.jpg?w=800&quality=85.jpg,24,,,All,,All,,,24,https://d1jup4wycac0oo.cloudfront.net/havidppoc/Screenshot_24.png,24,,,229,229,,,North America,,North America,,,Chicago,Chicago,,,MCDUS-SACO-0007,,MCDUS-SACO-0007,,,31591,31591,,,41.8885454,-87.63537017,,,30-Oct-2007,OPENED,Merchandise Mart Plaza,zz_NONE,zz_NONE,,,99,,99,,,31591,,31591,,,,,,,Illinois,,IL,Illinois,,,zz_None,zz_None,,,99,,99,,,USA,,USA,,
32035,,,32035,,,84111,84111,,,64,https://www.planetware.com/photos-large/USUT/utah-arches-national-park.jpg,64,,,All,,All,,,64,https://d1jup4wycac0oo.cloudfront.net/havidppoc/Screenshot_64.png,64,,,210,210,,,North America,,North America,,,Salt Lake City,Salt Lake City,,,MCDUS-SACO-0084,,MCDUS-SACO-0084,,,32035,32035,,,40.7683326,-111.8888801,,,10-Jun-2009,OPENED,Regent Court,zz_NONE,zz_NONE,,,14,,14,,,32035,,32035,,,,,,,Utah,,UT,Utah,,,zz_None,zz_None,,,14,,14,,,USA,,USA,,
3274,,,3274,,,37087,37087,,,66,https://www.planetware.com/photos-large/USTN/us-tennessee-titanic-museum.jpg,66,,,All,,All,,,66,https://d1jup4wycac0oo.cloudfront.net/havidppoc/Screenshot_66_adobespark.png,66,,,234,234,,,North America,,North America,,,Lebanon,Lebanon,,,MCDUS-SACO-0062,,MCDUS-SACO-0062,,,3274,3274,,,36.187615,-86.295601,,,26-Mar-1975,OPENED,S Cumberland St,zz_NONE,zz_NONE,,,60,,60,,,3274,,3274,,,,,,,Tennessee,,TN,Tennessee,,,zz_None,zz_None,,,60,,60,,,USA,,USA,,
32819,,,32819,,,38305,38305,,,66,https://www.planetware.com/photos-large/USTN/us-tennessee-titanic-museum.jpg,66,,,All,,All,,,66,https://d1jup4wycac0oo.cloudfront.net/havidppoc/Screenshot_66_adobespark.png,66,,,256,256,,,North America,,North America,,,Jackson,Jackson,,,MCDUS-SACO-0065,,MCDUS-SACO-0065,,,32819,32819,,,35.6740421,-88.7818454,,,04-Dec-2008,OPENED,Christmasville Cove,zz_NONE,zz_NONE,,,60,,60,,,32819,,32819,,,,,,,Tennessee,,TN,Tennessee,,,zz_None,zz_None,,,60,,60,,,USA,,USA,,
3366,,,3366,,,10472,10472,,,30,https://www.planetware.com/photos-large/USNY/new-york-city-statue-of-liberty.jpg,30,,,All,,All,,,30,https://d1jup4wycac0oo.cloudfront.net/havidppoc/Screenshot_30.png,30,,,246,246,,,North America,,North America,,,New York,New York,,,MCDUS-SACO-0009,,MCDUS-SACO-0009,,,3366,3366,,,40.82837715,-73.87800586,,,22-Jun-1976,OPENED,Westchester Avenue,zz_NONE,zz_NONE,,,42,,42,,,3366,,3366,,,,,,,New York,,NY,New York,,,zz_None,zz_None,,,42,,42,,,USA,,USA,,
34272,,,34272,,,84004,84004,,,64,https://www.planetware.com/photos-large/USUT/utah-arches-national-park.jpg,64,,,All,,All,,,64,https://d1jup4wycac0oo.cloudfront.net/havidppoc/Screenshot_64.png,64,,,210,210,,,North America,,North America,,,Cedar Hills,Cedar Hills,,,MCDUS-SACO-0084,,MCDUS-SACO-0084,,,34272,34272,,,40.4168199,-111.7730829,,,26-Jul-2010,OPENED,North North County Boulevard,zz_NONE,zz_NONE,,,14,,14,,,34272,,34272,,,,,,,Utah,,UT,Utah,,,zz_None,zz_None,,,14,,14,,,USA,,USA,,
34290,,,34290,,,37122,37122,,,66,https://www.planetware.com/photos-large/USTN/us-tennessee-titanic-museum.jpg,66,,,All,,All,,,66,https://d1jup4wycac0oo.cloudfront.net/havidppoc/Screenshot_66_adobespark.png,66,,,234,234,,,North America,,North America,,,Mount Juliet,Mount Juliet,,,MCDUS-SACO-0062,,MCDUS-SACO-0062,,,34290,34290,,,36.161392,-86.514653,,,03-May-2012,OPENED,S Mt Juliet Rd,zz_NONE,zz_NONE,,,60,,60,,,34290,,34290,,,,,,,Tennessee,,TN,Tennessee,,,zz_None,zz_None,,,60,,60,,,USA,,USA,,
34803,,,34803,,,32208,32208,,,22,"https://lumiere-a.akamaihd.net/v1/images/cg_parks_wdw_50thcelebration_specialoffers_21943_25454ec0.jpeg?region=0,0,800,800.jpg",22,,,All,,All,,,22,https://d1jup4wycac0oo.cloudfront.net/havidppoc/Screenshot_22 - Copy.jpg,22,,,236,236,,,North America,,North America,,,Jacksonville,Jacksonville,,,MCDUS-SACO-0029,,MCDUS-SACO-0029,,,34803,34803,,,30.371308,-81.664464,,,21-Oct-2011,OPENED,Norwood Ave,zz_NONE,zz_NONE,,,15,,15,,,34803,,34803,,,,,,,Florida,,FL,Florida,,,zz_None,zz_None,,,15,,15,,,USA,,USA,,
36470,,,36470,,,10917-6501,10917-6501,,,30,https://www.planetware.com/photos-large/USNY/new-york-city-statue-of-liberty.jpg,30,,,All,,All,,,30,https://d1jup4wycac0oo.cloudfront.net/havidppoc/Screenshot_30.png,30,,,246,246,,,North America,,North America,,,Woodbury,Woodbury,,,MCDUS-SACO-0009,,MCDUS-SACO-0009,,,36470,36470,,,41.3178718,-74.125656,,,27-Aug-2015,OPENED,Center Road South,zz_NONE,zz_NONE,,,42,,42,,,36470,,36470,,,,,,,New York,,NY,New York,,,zz_None,zz_None,,,42,,42,,,USA,,USA,,
36566,,,36566,,,37174,37174,,,66,https://www.planetware.com/photos-large/USTN/us-tennessee-titanic-museum.jpg,66,,,All,,All,,,66,https://d1jup4wycac0oo.cloudfront.net/havidppoc/Screenshot_66_adobespark.png,66,,,234,234,,,North America,,North America,,,Spring Hill,Spring Hill,,,MCDUS-SACO-0062,,MCDUS-SACO-0062,,,36566,36566,,,35.7372172,-86.89298257,,,31-Oct-2014,OPENED,Reserve Boulevard,zz_NONE,zz_NONE,,,60,,60,,,36566,,36566,,,,,,,Tennessee,,TN,Tennessee,,,zz_None,zz_None,,,60,,60,,,USA,,USA,,
37265,,,37265,,,84081,84081,,,64,https://www.planetware.com/photos-large/USUT/utah-arches-national-park.jpg,64,,,All,,All,,,64,https://d1jup4wycac0oo.cloudfront.net/havidppoc/Screenshot_64.png,64,,,210,210,,,North America,,North America,,,West Jordan,West Jordan,,,MCDUS-SACO-0084,,MCDUS-SACO-0084,,,37265,37265,,,40.609796,-112.0267944,,,19-Jun-2015,OPENED,7800 South,zz_NONE,zz_NONE,,,14,,14,,,37265,,37265,,,,,,,Utah,,UT,Utah,,,zz_None,zz_None,,,14,,14,,,USA,,USA,,
38983,,,38983,,,72450,72450,,,66,https://www.planetware.com/photos-large/USTN/us-tennessee-titanic-museum.jpg,66,,,All,,All,,,66,https://d1jup4wycac0oo.cloudfront.net/havidppoc/Screenshot_66_adobespark.png,66,,,256,256,,,North America,,North America,,,Paragould,Paragould,,,MCDUS-SACO-TEMP,,MCDUS-SACO-TEMP,,,38983,38983,,,36.05972701,-90.54798687,,,13-Nov-2019,OPENED,South Rockingchair Road,zz_NONE,zz_NONE,,,60,,60,,,38983,,38983,,,,,,,Arkansas,,AR,Arkansas,,,zz_None,zz_None,,,60,,60,,,USA,,USA,,
39401,,,39401,,,38117,38117,,,66,https://www.planetware.com/photos-large/USTN/us-tennessee-titanic-museum.jpg,66,,,All,,All,,,66,https://d1jup4wycac0oo.cloudfront.net/havidppoc/Screenshot_66_adobespark.png,66,,,256,256,,,North America,,North America,,,Memphis,Memphis,,,MCDUS-SACO-TEMP,,MCDUS-SACO-TEMP,,,39401,39401,,,35.091882,-89.907315,,,22-Apr-2021,OPENED,S Perkins Rd,zz_NONE,zz_NONE,,,60,,60,,,39401,,39401,,,,,,,Tennessee,,TN,Tennessee,,,zz_None,zz_None,,,60,,60,,,USA,,USA,,
5293,,,5293,,,60620,60620,,,24,https://api.time.com/wp-content/uploads/2014/09/148616068.jpg?w=800&quality=85.jpg,24,,,All,,All,,,24,https://d1jup4wycac0oo.cloudfront.net/havidppoc/Screenshot_24.png,24,,,229,229,,,North America,,North America,,,Chicago,Chicago,,,MCDUS-SACO-0007,,MCDUS-SACO-0007,,,5293,5293,,,41.74246855,-87.66280832,,,15-Nov-1979,OPENED,South Ashland Avenue,zz_NONE,zz_NONE,,,99,,99,,,5293,,5293,,,,,,,Illinois,,IL,Illinois,,,zz_None,zz_None,,,99,,99,,,USA,,USA,,
5318,,,5318,,,35055,35055,,,66,https://www.planetware.com/photos-large/USTN/us-tennessee-titanic-museum.jpg,66,,,All,,All,,,66,https://d1jup4wycac0oo.cloudfront.net/havidppoc/Screenshot_66_adobespark.png,66,,,235,235,,,North America,,North America,,,Cullman,Cullman,,,MCDUS-SACO-0099,,MCDUS-SACO-0099,,,5318,5318,,,34.16098,-86.835893,,,12-Dec-1979,OPENED,2nd Ave SW,zz_NONE,zz_NONE,,,60,,60,,,5318,,5318,,,,,,,Alabama,,AL,Alabama,,,zz_None,zz_None,,,60,,60,,,USA,,USA,,
5895,,,5895,,,60640,60640,,,24,https://api.time.com/wp-content/uploads/2014/09/148616068.jpg?w=800&quality=85.jpg,24,,,All,,All,,,24,https://d1jup4wycac0oo.cloudfront.net/havidppoc/Screenshot_24.png,24,,,229,229,,,North America,,North America,,,Chicago,Chicago,,,MCDUS-SACO-0007,,MCDUS-SACO-0007,,,5895,5895,,,41.96576785,-87.65521695,,,15-Jul-1981,OPENED,West Wilson Avenue,zz_NONE,zz_NONE,,,99,,99,,,5895,,5895,,,,,,,Illinois,,IL,Illinois,,,zz_None,zz_None,,,99,,99,,,USA,,USA,,
6199,,,6199,,,35640,35640,,,66,https://www.planetware.com/photos-large/USTN/us-tennessee-titanic-museum.jpg,66,,,All,,All,,,66,https://d1jup4wycac0oo.cloudfront.net/havidppoc/Screenshot_66_adobespark.png,66,,,234,234,,,North America,,North America,,,Hartselle,Hartselle,,,MCDUS-SACO-0064,,MCDUS-SACO-0064,,,6199,6199,,,34.441561,-86.942307,,,22-May-1982,OPENED,Hwy 31 SW,zz_NONE,zz_NONE,,,60,,60,,,6199,,6199,,,,,,,Alabama,,AL,Alabama,,,zz_None,zz_None,,,60,,60,,,USA,,USA,,
6638,,,6638,,,39730,39730,,,66,https://www.planetware.com/photos-large/USTN/us-tennessee-titanic-museum.jpg,66,,,All,,All,,,66,https://d1jup4wycac0oo.cloudfront.net/havidppoc/Screenshot_66_adobespark.png,66,,,256,256,,,North America,,North America,,,Aberdeen,Aberdeen,,,MCDUS-SACO-0126,,MCDUS-SACO-0126,,,6638,6638,,,33.82907616,-88.56138524,,,26-May-1983,OPENED,Old US Hwy 45,zz_NONE,zz_NONE,,,60,,60,,,6638,,6638,,,,,,,Mississippi,,MS,Mississippi,,,zz_None,zz_None,,,60,,60,,,USA,,USA,,
6717,,,6717,,,32137,32137,,,22,"https://lumiere-a.akamaihd.net/v1/images/cg_parks_wdw_50thcelebration_specialoffers_21943_25454ec0.jpeg?region=0,0,800,800.jpg",22,,,All,,All,,,22,https://d1jup4wycac0oo.cloudfront.net/havidppoc/Screenshot_22 - Copy.jpg,22,,,250,250,,,North America,,North America,,,Palm Coast,Palm Coast,,,MCDUS-SACO-0036,,MCDUS-SACO-0036,,,6717,6717,,,29.5542486,-81.2119833,,,22-Jul-1983,OPENED,South Old Kings Road,zz_NONE,zz_NONE,,,15,,15,,,6717,,6717,,,,,,,Florida,,FL,Florida,,,zz_None,zz_None,,,15,,15,,,USA,,USA,,
706,,,706,,,84117,84117,,,64,https://www.planetware.com/photos-large/USUT/utah-arches-national-park.jpg,64,,,All,,All,,,64,https://d1jup4wycac0oo.cloudfront.net/havidppoc/Screenshot_64.png,64,,,210,210,,,North America,,North America,,,Holladay,Holladay,,,MCDUS-SACO-0084,,MCDUS-SACO-0084,,,706,706,,,40.66631125,-111.8374756,,,16-Feb-1965,OPENED,Murray Holladay Road,zz_NONE,zz_NONE,,,14,,14,,,706,,706,,,,,,,Utah,,UT,Utah,,,zz_None,zz_None,,,14,,14,,,USA,,USA,,
86,,,86,,,33629,33629,,,22,"https://lumiere-a.akamaihd.net/v1/images/cg_parks_wdw_50thcelebration_specialoffers_21943_25454ec0.jpeg?region=0,0,800,800.jpg",22,,,All,,All,,,22,https://d1jup4wycac0oo.cloudfront.net/havidppoc/Screenshot_22 - Copy.jpg,22,,,250,250,,,North America,,North America,,,Tampa,Tampa,,,MCDUS-SACO-0041,,MCDUS-SACO-0041,,,86,86,,,27.910934,-82.506682,,,07-Mar-1958,OPENED,S Dale Mabry Hy,zz_NONE,zz_NONE,,,15,,15,,,86,,86,,,,,,,Florida,,FL,Florida,,,zz_None,zz_None,,,15,,15,,,USA,,USA,,
888,,,888,,,60123,60123,,,24,https://api.time.com/wp-content/uploads/2014/09/148616068.jpg?w=800&quality=85.jpg,24,,,All,,All,,,24,https://d1jup4wycac0oo.cloudfront.net/havidppoc/Screenshot_24.png,24,,,229,229,,,North America,,North America,,,Elgin,Elgin,,,MCDUS-SACO-0007,,MCDUS-SACO-0007,,,888,888,,,42.03510305,-88.31416004,,,17-Jan-1967,OPENED,Larkin Avenue,zz_NONE,zz_NONE,,,99,,99,,,888,,888,,,,,,,Illinois,,IL,Illinois,,,zz_None,zz_None,,,99,,99,,,USA,,USA,,
,,,,,,,,,,,,,,,,,,,,,,,,,,,,,,,,,,,,,,,,,,,,,,,,,,,,,,,,,,,,,,,,,,,,,,,,zz_NONE,,,zz_NONE,,,,,,,,,,,,,,,,
,,,,,,zz_NONE,zz_NONE,,,,,,,,,,,,,,,,,,,,,,,,,,,,,,,,,,,,,,,,,,,,,,,,,,,,,,,,,,,,,,,,,,,,,,,,,,,,,,,,,,,,
,,,,,,,,,,,,,,,,,,,,,,,,,,,,,,,,,,zz_NONE,zz_NONE,,,,,,,,,,,,,,,,,,,,,,,,,,,,,,,,,,,,,,,,,,,,,,,,,,,,,,,,
